,link
0,https://anime47.com/phim/naruto-shippuuden/m4742.html
1,https://anime47.com/phim/fairy-tail/m4359.html
2,https://anime47.com/phim/vua-hai-tac/m7667.html
3,https://anime47.com/phim/black-clover/m6408.html
4,https://anime47.com/phim/boruto-naruto-next-generations/m6106.html
5,https://anime47.com/phim/sword-art-online-dao-kiem-than-vuc-phan-2/m4574.html
6,https://anime47.com/phim/detective-conan-tham-tu-lung-danh-conan-full/m7633.html
7,https://anime47.com/phim/overlord/m5108.html
8,https://anime47.com/phim/bleach/m1300.html
9,https://anime47.com/phim/mahouka-koukou-no-rettousei/m3990.html
10,https://anime47.com/phim/gintama-linh-hon-bac/m2443.html
11,https://anime47.com/phim/naruto-phan-1/m1370.html
12,https://anime47.com/phim/nanatsu-no-taizai-that-hinh-dai-toi/m4435.html
13,https://anime47.com/phim/pokemon-full/m1612.html
14,https://anime47.com/phim/tate-no-yuusha-no-nariagari/m6796.html
15,https://anime47.com/phim/strike-the-blood/m3646.html
16,https://anime47.com/phim/tensei-shitara-slime-datta-ken/m6791.html
17,https://anime47.com/phim/high-school-dxd/m2625.html
18,https://anime47.com/phim/kimetsu-no-yaiba/m7163.html
19,https://anime47.com/phim/shingeki-no-kyojin-attack-on-titan/m2972.html
20,https://anime47.com/phim/trinity-seven-that-tinh/m4443.html
21,https://anime47.com/phim/dragon-ball-super/m5098.html
22,https://anime47.com/phim/tokyo-ghoul-ss2/m4751.html
23,https://anime47.com/phim/kiseijuu-sei-no-kakuritsu/m4452.html
24,https://anime47.com/phim/yosuga-no-sora-bd/m1352.html
25,https://anime47.com/phim/sword-art-online-alicization/m6940.html
26,https://anime47.com/phim/sword-art-online/m3504.html
27,https://anime47.com/phim/lop-hoc-am-sat-assassination-classroom/m5369.html
28,https://anime47.com/phim/high-school-dxd-born/m4818.html
29,https://anime47.com/phim/one-punch-man-2/m6572.html
30,https://anime47.com/phim/high-school-dxd-new/m5606.html
31,https://anime47.com/phim/hunter-x-hunter-2011/m4209.html
32,https://anime47.com/phim/tokyo-ghoul/m4219.html
33,https://anime47.com/phim/shigatsu-wa-kimi-no-uso-thang-tu-la-loi-noi-doi-cua-em/m4456.html
34,https://anime47.com/phim/world-trigger/m4433.html
35,https://anime47.com/phim/arifureta-shokugyou-de-sekai-saikyou/m7317.html
36,https://anime47.com/phim/fairy-tail-2018/m7020.html
37,https://anime47.com/phim/kagaku-na-yatsura-18/m3438.html
38,https://anime47.com/phim/log-horizon-chan-troi-ky-luc/m4423.html
39,https://anime47.com/phim/absolute-duo/m4969.html
40,https://anime47.com/phim/overlord-ii/m6571.html
41,https://anime47.com/phim/kenja-no-mago/m7175.html
42,https://anime47.com/phim/date-a-live-bd/m2962.html
43,https://anime47.com/phim/dau-la-dai-luc/m6678.html
44,https://anime47.com/phim/overlord-iii/m6765.html
45,https://anime47.com/phim/vua-bep-soma-shokugeki-no-souma/m4810.html
46,https://anime47.com/phim/jojos-bizarre-adventure-stardust-crusaders/m4007.html
47,https://anime47.com/phim/log-horizon-chan-troi-ky-luc-2/m5021.html
48,https://anime47.com/phim/yahari-ore-no-seishun-love-come-wa-machigatteiru/m2955.html
49,https://anime47.com/phim/fate-stay-night/m1369.html
50,https://anime47.com/phim/madan-no-ou-to-vanadis-ma-dan-de-vuong-biet-chien-co/m4425.html
51,https://anime47.com/phim/kuroko-no-basket-ss3/m4720.html
52,https://anime47.com/phim/seiken-tsukai-no-world-break/m4722.html
53,https://anime47.com/phim/toriko/m1516.html
54,https://anime47.com/phim/re-zero-kara-hajimeru-isekai-seikatsu/m5527.html
55,https://anime47.com/phim/nisekoi/m3797.html
56,https://anime47.com/phim/gakusen-toshi-asterisk/m5256.html
57,https://anime47.com/phim/dungeon-ni-deai-wo-motomeru-no-wa-machigatteiru-darou-ka/m4811.html
58,https://anime47.com/phim/kuroko-no-basket/m2300.html
59,https://anime47.com/phim/date-a-live-season-2/m4029.html
60,https://anime47.com/phim/one-piece-special-9-episode-of-sabo/m5186.html
61,https://anime47.com/phim/saenai-heroine-no-sodatekata/m4702.html
62,https://anime47.com/phim/hyouka/m2286.html
63,https://anime47.com/phim/magi-the-kingdom-of-magic/m3661.html
64,https://anime47.com/phim/nozoki-ana-bd/m2923.html
65,https://anime47.com/phim/jujutsu-kaisen-tv/m7676.html
66,https://anime47.com/phim/kuroko-no-basket-2/m3659.html
67,https://anime47.com/phim/hentai-ouji-to-warawanai-neko/m3000.html
68,https://anime47.com/phim/death-march-kara-hajimaru-isekai-kyousoukyoku/m6507.html
69,https://anime47.com/phim/seirei-tsukai-no-blade-dance/m4262.html
70,https://anime47.com/phim/kamen-rider-gaim/m3669.html
71,https://anime47.com/phim/haikyuu/m4535.html
72,https://anime47.com/phim/one-punch-man/m5337.html
73,https://anime47.com/phim/princess-connect-re-dive/m7150.html
74,https://anime47.com/phim/boku-wa-tomodachi-ga-sukunai-bd/m2721.html
75,https://anime47.com/phim/tensei-shitara-slime-datta-ken-2nd-season/m7500.html
76,https://anime47.com/phim/shinmai-maou-no-keiyakusha-bd/m4861.html
77,https://anime47.com/phim/dororo/m7106.html
78,https://anime47.com/phim/pokemon-2019/m7433.html
79,https://anime47.com/phim/one-piece-special-6/m2890.html
80,https://anime47.com/phim/grisaia-no-kajitsu/m4434.html
81,https://anime47.com/phim/isekai-wa-smartphone-to-tomo-ni/m6292.html
82,https://anime47.com/phim/date-a-live/m7103.html
83,https://anime47.com/phim/isekai-maou-to-shoukan-shoujo-no-dorei-majutsu/m6815.html
84,https://anime47.com/phim/black-bullet/m4015.html
85,https://anime47.com/phim/high-school-dxd-hero/m6573.html
86,https://anime47.com/phim/rokudenashi-majutsu-koushi-to-akashic-records/m6152.html
87,https://anime47.com/phim/katekyo-hitman-reborn/m1482.html
88,https://anime47.com/phim/maken-ki-bd/m2602.html
89,https://anime47.com/phim/to-love-ru-trouble-uncen/m2140.html
90,https://anime47.com/phim/than-vo-gia-cu/m5232.html
91,https://anime47.com/phim/bakemonogatari/m1620.html
92,https://anime47.com/phim/one-piece-z/m4689.html
93,https://anime47.com/phim/one-piece-3d-straw-hat-chase/m4691.html
94,https://anime47.com/phim/sword-art-online-ii/m5035.html
95,https://anime47.com/phim/one-piece-film-gold/m5782.html
96,https://anime47.com/phim/plunderer/m7445.html
97,https://anime47.com/phim/ore-tachi-ni-tsubasa-wa-nai/m1647.html
98,https://anime47.com/phim/shimoneta-to-iu-gainen-ga-sonzai-shinai-taikutsu-na-sekai/m5109.html
99,https://anime47.com/phim/kaguya-sama-wa-kokurasetai-tensai-tachi-no-renai-zunousen/m7105.html
100,https://anime47.com/phim/one-piece-special-8/m4319.html
101,https://anime47.com/phim/sword-art-online-alicization-dai-chien-underworld/m7374.html
102,https://anime47.com/phim/chuunibyou-demo-koi-ga-shitai/m2632.html
103,https://anime47.com/phim/sakurasou-no-pet-na-kanojo/m2663.html
104,https://anime47.com/phim/ore-no-imouto-ga-konnani-kawaii-wake-ga-nai/m1739.html
105,https://anime47.com/phim/monster-musume-no-iru-nichijou/m5107.html
106,https://anime47.com/phim/one-piece-strong-world/m4688.html
107,https://anime47.com/phim/angel-beats/m1533.html
108,https://anime47.com/phim/the-best-of-one-piece/m3377.html
109,https://anime47.com/phim/inou-batoru-wa-nichijou-kei-no-naka-de/m4437.html
110,https://anime47.com/phim/youkoso-jitsuryoku-shijou-shugi-no-kyoushitsu-e-tv/m6420.html
111,https://anime47.com/phim/is-infinite-stratos-1/m1287.html
112,https://anime47.com/phim/fate-stay-night-unlimited-blade-works-2014-2015/m5041.html
113,https://anime47.com/phim/one-piece-ova-1/m2570.html
114,https://anime47.com/phim/shinmai-maou-no-testament-burst/m5242.html
115,https://anime47.com/phim/fate-zero-bd/m3535.html
116,https://anime47.com/phim/sword-art-online-alicization-dai-chien-underworld-2/m7455.html
117,https://anime47.com/phim/yahari-ore-no-seishun-love-comedy-wa-machigatteiru-zoku/m4808.html
118,https://anime47.com/phim/one-piece-special-7/m3870.html
119,https://anime47.com/phim/su-thi-ve-mot-hiep-si-luu-ban/m5235.html
120,https://anime47.com/phim/arifureta-shokugyou-de-sekai-saikyou-2nd-season/m7499.html
121,https://anime47.com/phim/one-piece-glorious-island/m3285.html
122,https://anime47.com/phim/boku-no-hero-academia-2nd-season/m6085.html
123,https://anime47.com/phim/quan-zhi-gao-shou/m6179.html
124,https://anime47.com/phim/mirai-nikki-gasai-yuno/m2883.html
125,https://anime47.com/phim/beelzebub/m2894.html
126,https://anime47.com/phim/one-piece-special-3/m3816.html
127,https://anime47.com/phim/highschool-of-the-dead-uncensor/m2585.html
128,https://anime47.com/phim/seikon-no-qwaser/m1874.html
129,https://anime47.com/phim/yu-gi-oh-arc-v/m4046.html
130,https://anime47.com/phim/one-piece-special-1/m3806.html
131,https://anime47.com/phim/dragon-ball-z/m1258.html
132,https://anime47.com/phim/one-piece-special-4/m3817.html
133,https://anime47.com/phim/doraemon-new-series/m3867.html
134,https://anime47.com/phim/one-piece-the-great-gold-pirate/m4679.html
135,https://anime47.com/phim/kono-subarashii-sekai-ni-shukufuku-wo/m5381.html
136,https://anime47.com/phim/no-game-no-life-bd/m4562.html
137,https://anime47.com/phim/nanatsu-no-taizai-that-hinh-dai-toi-2nd-season/m6575.html
138,https://anime47.com/phim/gotoubun-no-hanayome/m7109.html
139,https://anime47.com/phim/yu-gi-oh-zexal-yugioh-zexal/m1553.html
140,https://anime47.com/phim/kiss-x-sis-tv/m2583.html
141,https://anime47.com/phim/nande-koko-ni-sensei-ga/m7188.html
142,https://anime47.com/phim/one-piece-special-2/m3815.html
143,https://anime47.com/phim/akatsuki-no-yona-yona-cua-binh-minh/m4575.html
144,https://anime47.com/phim/seishun-buta-yarou-wa-bunny-girl-senpai-no-yume-wo-minai/m6945.html
145,https://anime47.com/phim/shuudengo-capsule-hotel-de-joushi-ni-binetsu-tsutawaru-yoru/m6981.html
146,https://anime47.com/phim/araiya-san-ore-to-aitsu-ga-onnayu-de/m7200.html
147,https://anime47.com/phim/boku-no-hero-academia-3rd-season/m6704.html
148,https://anime47.com/phim/one-piece-the-giant-mechanical-soldier-of-karakuri-castle/m4685.html
149,https://anime47.com/phim/one-piece-ova-2/m2184.html
150,https://anime47.com/phim/mahou-sensou-magical-warface/m3848.html
151,https://anime47.com/phim/one-piece-heart-of-gold/m5750.html
152,https://anime47.com/phim/ichiban-ushiro-no-daimaou/m1616.html
153,https://anime47.com/phim/gate-jieitai-kanochi-nite-kaku-tatakaeri/m5082.html
154,https://anime47.com/phim/one-piece-the-cursed-holy-sword/m4683.html
155,https://anime47.com/phim/maou-gakuin-no-futekigousha/m7650.html
156,https://anime47.com/phim/one-piece-special-5/m2766.html
157,https://anime47.com/phim/saijaku-muhai-no-bahamut/m5383.html
158,https://anime47.com/phim/one-piece-dead-end-adventure/m4682.html
159,https://anime47.com/phim/guilty-crown/m5010.html
160,https://anime47.com/phim/jojos-bizarre-adventure/m2911.html
161,https://anime47.com/phim/one-piece-clockwork-island-adventure/m4678.html
162,https://anime47.com/phim/one-piece-episode-of-chopper-plus-bloom-in-winter-miracle-sakura/m4687.html
163,https://anime47.com/phim/magi-the-labyrinth-of-magic/m2656.html
164,https://anime47.com/phim/kono-subarashii-sekai-ni-shukufuku-wo-2/m6043.html
165,https://anime47.com/phim/kawaikereba-hentai-demo-suki-ni-natte-kuremasu-ka/m7327.html
166,https://anime47.com/phim/charlotte/m5094.html
167,https://anime47.com/phim/masou-gakuen-hxh-blu-ray/m5960.html
168,https://anime47.com/phim/one-piece-episode-of-alabasta-the-desert-princess/m4686.html
169,https://anime47.com/phim/dungeon-ni-deai-wo-motomeru-no-wa-machigatteiru-darou-ka-ii/m7318.html
170,https://anime47.com/phim/grappler-baki/m4588.html
171,https://anime47.com/phim/isekai-no-seikishi-monogatari/m4401.html
172,https://anime47.com/phim/one-piece-phan-ve-bien-dong/m6504.html
173,https://anime47.com/phim/fate-grand-order-zettai-majuu-sensen-babylonia/m6915.html
174,https://anime47.com/phim/biet-doi-linh-cuu-hoa/m7148.html
175,https://anime47.com/phim/lop-hoc-am-sat-assassination-classroom/m5370.html
176,https://anime47.com/phim/one-piece-baron-omatsuri-and-the-secret-island/m4684.html
177,https://anime47.com/phim/one-piece-chopper-s-kingdom-on-the-island-of-strange/m4680.html
178,https://anime47.com/phim/taimadou-gakuen-35-shiken-shoutai/m5243.html
179,https://anime47.com/phim/zero-no-tsukaima-ss1/m1311.html
180,https://anime47.com/phim/toaru-majutsu-no-index/m1804.html
181,https://anime47.com/phim/one-piece-episode-of-sorajima/m6893.html
182,https://anime47.com/phim/to-love-ru-darkness-bd/m2770.html
183,https://anime47.com/phim/masou-gakuen-hxh-special/m5972.html
184,https://anime47.com/phim/boku-no-hero-academia/m5519.html
185,https://anime47.com/phim/owari-no-seraph/m4819.html
186,https://anime47.com/phim/netoge-no-yome-wa-onnanoko-ja-nai-to-omotta/m5526.html
187,https://anime47.com/phim/inuyasha/m1844.html
188,https://anime47.com/phim/grand-blue/m6818.html
189,https://anime47.com/phim/one-piece-adventure-of-nebulandia-cuoc-phieu-luu-den-vung-dat-nebulandia/m6924.html
190,https://anime47.com/phim/high-school-dxd-specials/m4074.html
191,https://anime47.com/phim/kamen-rider-drive/m4464.html
192,https://anime47.com/phim/sousei-no-onmyouji/m5524.html
193,https://anime47.com/phim/shokugeki-no-souma-ni-no-sara/m5685.html
194,https://anime47.com/phim/detective-conan-movie/m2013.html
195,https://anime47.com/phim/jojo-no-kimyou-na-bouken-ougon-no-kaze/m7022.html
196,https://anime47.com/phim/one-piece-tv-special-phan-ve-dao-tren-troi-skypiea/m6932.html
197,https://anime47.com/phim/hagure-yuusha-no-estetica-bd/m3033.html
198,https://anime47.com/phim/isekai-maou-to-shoukan-shoujo-no-dorei-majutsu-bd/m7082.html
199,https://anime47.com/phim/ore-no-imouto-ga-konnani-kawaii-wake-ga-nai-ss2-bd/m4305.html
200,https://anime47.com/phim/tokyo-ghoul-re-2nd-season/m6941.html
201,https://anime47.com/phim/sword-art-online-movie-ordinal-scale/m5911.html
202,https://anime47.com/phim/dragon-ball-kai/m1257.html
203,https://anime47.com/phim/toradora-bd/m1698.html
204,https://anime47.com/phim/sword-art-offline/m2757.html
205,https://anime47.com/phim/gakusen-toshi-asterisk-2nd-season/m5518.html
206,https://anime47.com/phim/re-zero-kara-hajimeru-isekai-seikatsu-2nd-season/m7514.html
207,https://anime47.com/phim/code-geass-hangyaku-no-lelouch-r1/m1576.html
208,https://anime47.com/phim/shokugeki-no-souma-san-no-sara/m6516.html
209,https://anime47.com/phim/motto-to-love-ru/m1996.html
210,https://anime47.com/phim/ao-no-exorcist/m2070.html
211,https://anime47.com/phim/masamune-kun-no-revenge/m6018.html
212,https://anime47.com/phim/sword-art-online-extra-edition/m3790.html
213,https://anime47.com/phim/sora-no-otoshimono-ss1/m1347.html
214,https://anime47.com/phim/gintama-2015/m4834.html
215,https://anime47.com/phim/goblin-slayer/m6942.html
216,https://anime47.com/phim/kuroshitsuji-hac-quan-gia-ss1/m1295.html
217,https://anime47.com/phim/jojo-no-kimyou-na-bouken-diamond-wa-kudakenai/m5529.html
218,https://anime47.com/phim/mahouka-koukou-no-rettousei-raihousha-hen/m7531.html
219,https://anime47.com/phim/itai-no-wa-iya-nano-de-bougyoryoku-ni-kyokufuri-shitai-to-omoimasu/m7474.html
220,https://anime47.com/phim/rescue-me-ova/m3366.html
221,https://anime47.com/phim/kaifuku-jutsushi-no-yarinaoshi/m7720.html
222,https://anime47.com/phim/high-school-dxd-ova/m3184.html
223,https://anime47.com/phim/yuragi-sou-no-yuuna-san/m6817.html
224,https://anime47.com/phim/fullmetal-alchemist-brotherhood/m1218.html
225,https://anime47.com/phim/masou-gakuen-hxh/m5694.html
226,https://anime47.com/phim/cross-ange-rondo-of-angel-and-dragon/m4431.html
227,https://anime47.com/phim/fate-apocrypha/m6276.html
228,https://anime47.com/phim/kekkai-sensen/m4823.html
229,https://anime47.com/phim/shokugeki-no-souma-san-no-sara-toutsuki-ressha-hen/m6707.html
230,https://anime47.com/phim/kyoukai-no-kanata/m4640.html
231,https://anime47.com/phim/one-punch-man-specials/m5487.html
232,https://anime47.com/phim/tokyo-ravens/m5634.html
233,https://anime47.com/phim/baki/m6916.html
234,https://anime47.com/phim/ahiru-no-sora/m7385.html
235,https://anime47.com/phim/shinmai-maou-no-testament-burst-toujou-basara-no-shigoku-heiwa-na-nichijou/m7056.html
236,https://anime47.com/phim/choujin-koukousei-tachi-wa-isekai-demo-yoyuu-de-ikinuku-you-desu/m7394.html
237,https://anime47.com/phim/domestic-na-kanojo/m7107.html
238,https://anime47.com/phim/sword-art-online-alternative-gun-gale-online/m6708.html
239,https://anime47.com/phim/shinchou-yuusha-kono-yuusha-ga-ore-tueee-kuse-ni-shinchou-sugiru/m7378.html
240,https://anime47.com/phim/kumo-desu-ga-nani-ka/m7749.html
241,https://anime47.com/phim/darling-in-the-franxx/m6606.html
242,https://anime47.com/phim/assassin-pride/m7367.html
243,https://anime47.com/phim/one-piece-movie-14-stampede/m7510.html
244,https://anime47.com/phim/mairimashita-iruma-kun/m7381.html
245,https://anime47.com/phim/mar-heaven/m3680.html
246,https://anime47.com/phim/nhat-ky-thuong-ngay-cua-tien-vuong/m7515.html
247,https://anime47.com/phim/high-school-dxd-born-specials/m5196.html
248,https://anime47.com/phim/baka-to-test-to-shoukanjuu/m1798.html
249,https://anime47.com/phim/kuzu-no-honkai/m5901.html
250,https://anime47.com/phim/maji-de-watashi-ni-koi-shinasai-uncensor/m2658.html
251,https://anime47.com/phim/seikoku-no-dragonar/m3994.html
252,https://anime47.com/phim/haikyuu-ss2/m5266.html
253,https://anime47.com/phim/kore-wa-zombie-desu-ka/m1349.html
254,https://anime47.com/phim/tinh-linh-huyen-tuong-ky/m7746.html
255,https://anime47.com/phim/yakusoku-no-neverland/m7102.html
256,https://anime47.com/phim/yu-gi-oh/m1535.html
257,https://anime47.com/phim/kamen-rider-zi-o/m7295.html
258,https://anime47.com/phim/aldnoah-zero-ss2/m4716.html
259,https://anime47.com/phim/boku-no-hero-academia-4th-season/m7417.html
260,https://anime47.com/phim/eromanga-sensei/m6149.html
261,https://anime47.com/phim/ore-wo-suki-nano-wa-omae-dake-ka-yo/m7393.html
262,https://anime47.com/phim/yu-gi-oh-gx/m1858.html
263,https://anime47.com/phim/25-sai-no-joshikousei/m6631.html
264,https://anime47.com/phim/that-nghiep-chuyen-sinh-lam-lai-cuoc-doi/m7734.html
265,https://anime47.com/phim/bungou-stray-dogs/m5517.html
266,https://anime47.com/phim/dragon-ball-gt/m8868.html
267,https://anime47.com/phim/chuunibyou-demo-koi-ga-shitai-ren-ss2/m3840.html
268,https://anime47.com/phim/akame-ga-kill/m5187.html
269,https://anime47.com/phim/luoi-guom-diet-quy-phan-2-khu-ky-vien/m7860.html
270,https://anime47.com/phim/boku-wa-tomodachi-ga-sukunai-ss2/m2795.html
271,https://anime47.com/phim/dr-stone/m7319.html
272,https://anime47.com/phim/dakaretai-otoko-1-i-ni-odosarete-imasu/m6918.html
273,https://anime47.com/phim/that-hinh-dai-toi-su-phan-no-cua-cac-vi-than/m7424.html
274,https://anime47.com/phim/tensei-shitara-slime-datta-ken-bd/m7267.html
275,https://anime47.com/phim/anime-music-video/m7160.html
276,https://anime47.com/phim/shinmai-maou-no-testament-ova/m5077.html
277,https://anime47.com/phim/s-a-o-abridged-parody/m5674.html
278,https://anime47.com/phim/manyuu-hiken-chou-uncensor/m2626.html
279,https://anime47.com/phim/shinmai-maou-no-testament-departures/m6580.html
280,https://anime47.com/phim/ore-no-imouto-ga-konnani-kawaii-wake-ga-nai-ss2-specials/m4123.html
281,https://anime47.com/phim/k-project/m2638.html
282,https://anime47.com/phim/hundred/m5532.html
283,https://anime47.com/phim/kimi-no-na-wa/m5745.html
284,https://anime47.com/phim/d-gray-man/m4364.html
285,https://anime47.com/phim/iya-na-kao-sare-nagara-opantsu-misete-moraitai/m6867.html
286,https://anime47.com/phim/freezing/m2617.html
287,https://anime47.com/phim/mondai-ji-tachi-ga-isekai-kara-kuru-sou-desu-yo/m3889.html
288,https://anime47.com/phim/bokutachi-wa-benkyou-ga-dekinai/m7187.html
289,https://anime47.com/phim/kiss-x-sis-ova/m1882.html
290,https://anime47.com/phim/juuou-mujin-no-fafnir/m4707.html
291,https://anime47.com/phim/hyakuren-no-haou-to-seiyaku-no-valkyria/m6822.html
292,https://anime47.com/phim/toan-chuc-phap-su/m5964.html
293,https://anime47.com/phim/isekai-cheat-magician/m7322.html
294,https://anime47.com/phim/yahari-ore-no-seishun-love-comedy-wa-machigatteiru-kan/m7549.html
295,https://anime47.com/phim/another/m1877.html
296,https://anime47.com/phim/dragon-ball/m1842.html
297,https://anime47.com/phim/danshi-koukousei-no-nichijou/m4909.html
298,https://anime47.com/phim/hyakka-ryouran-samurai-girls/m2747.html
299,https://anime47.com/phim/koutetsujou-no-kabaneri/m5513.html
300,https://anime47.com/phim/shokugeki-no-souma-shin-no-sara/m7418.html
301,https://anime47.com/phim/witch-craft-works/m3798.html
302,https://anime47.com/phim/accel-world/m2134.html
303,https://anime47.com/phim/knight-s-magic/m6286.html
304,https://anime47.com/phim/kanojo-okarishimasu/m7541.html
305,https://anime47.com/phim/gekkan-shoujo-nozaki-kun/m4229.html
306,https://anime47.com/phim/kono-naka-ni-hitori-imouto-ga-iru/m3032.html
307,https://anime47.com/phim/to-love-ru-darkness-2nd/m5071.html
308,https://anime47.com/phim/toan-chuc-cao-thu-sp/m6761.html
309,https://anime47.com/phim/busou-shoujo-machiavellianism/m6159.html
310,https://anime47.com/phim/owari-no-seraph-2nd-season/m5251.html
311,https://anime47.com/phim/haikyuu-to-the-top/m7506.html
312,https://anime47.com/phim/okusama-ga-seitokaichou/m5076.html
313,https://anime47.com/phim/ishuzoku-reviewers/m7472.html
314,https://anime47.com/phim/dau-pha-thuong-khung/m6361.html
315,https://anime47.com/phim/jigoku-sensei-nube-live-action/m4489.html
316,https://anime47.com/phim/su-troi-day-cua-khien-anh-hung-bd/m7442.html
317,https://anime47.com/phim/ao-haru-ride/m4390.html
318,https://anime47.com/phim/is-infinite-stratos-2-bd/m4579.html
319,https://anime47.com/phim/kobayashi-san-chi-no-maid-dragon/m6053.html
320,https://anime47.com/phim/horimiya/m7813.html
321,https://anime47.com/phim/strike-the-blood-iii/m7142.html
322,https://anime47.com/phim/hunter-x-hunter-1999/m1265.html
323,https://anime47.com/phim/blood-lad/m3325.html
324,https://anime47.com/phim/kaguya-sama-wa-kokurasetai-tensai-tachi-no-renai-zunousen/m7548.html
325,https://anime47.com/phim/saiki-kusuo-no-nan-tv/m5718.html
326,https://anime47.com/phim/pokemon-movie/m2250.html
327,https://anime47.com/phim/peter-grill-to-kenja-no-jikan/m7657.html
328,https://anime47.com/phim/hajimete-no-gal/m6277.html
329,https://anime47.com/phim/danganronpa-the-animation/m3308.html
330,https://anime47.com/phim/nisekoi-ss2/m4842.html
331,https://anime47.com/phim/dragon-ball-heroes-universe-mission/m6808.html
332,https://anime47.com/phim/kyokou-suiri/m7463.html
333,https://anime47.com/phim/midara-na-ao-chan-wa-benkyou-ga-dekinai/m7191.html
334,https://anime47.com/phim/maken-ki-two/m3876.html
335,https://anime47.com/phim/kishuku-gakkou-no-juliet/m7023.html
336,https://anime47.com/phim/gate-jieitai-kanochi-nite-kaku-tatakaeri-enryuu-hen/m5371.html
337,https://anime47.com/phim/sekirei-bd/m3881.html
338,https://anime47.com/phim/shakugan-no-shana/m3014.html
339,https://anime47.com/phim/hataraku-maou-sama-bd/m3888.html
340,https://anime47.com/phim/than-vo-gia-cu/m5230.html
341,https://anime47.com/phim/dragon-ball-kai-2014/m4794.html
342,https://anime47.com/phim/kono-yo-no-hate-de-koi-wo-utau-shoujo-yu-no/m7195.html
343,https://anime47.com/phim/diabolik-lovers/m3598.html
344,https://anime47.com/phim/steins-gate/m1400.html
345,https://anime47.com/phim/kakegurui/m6282.html
346,https://anime47.com/phim/tonikaku-kawaii/m7638.html
347,https://anime47.com/phim/tokyo-ghoul-re/m6706.html
348,https://anime47.com/phim/tram-yeu-luoi-guom-diet-quy-bd/m7458.html
349,https://anime47.com/phim/radiant/m6935.html
350,https://anime47.com/phim/plastic-memories/m4816.html
351,https://anime47.com/phim/walkure-romanze/m5043.html
352,https://anime47.com/phim/toi-da-bi-bat-vao-truong-cua-cac-tieu-thu-lam-thuong-dan-tieu-bieu-nhu-the-nao/m5233.html
353,https://anime47.com/phim/grisaia-no-rakuen/m4857.html
354,https://anime47.com/phim/shingeki-no-kyojin-movie-1-guren-no-yumiya/m5305.html
355,https://anime47.com/phim/mob-psycho-100/m5692.html
356,https://anime47.com/phim/aldnoah-zero/m4224.html
357,https://anime47.com/phim/toaru-majutsu-no-index-iii/m6943.html
358,https://anime47.com/phim/that-nghiep-chuyen-sinh-lam-lai-cuoc-doi-phan-2/m7967.html
359,https://anime47.com/phim/boku-no-hero-academia-the-movie-futari-no-hero/m6872.html
360,https://anime47.com/phim/dakara-boku-wa-h-ga-dekinai/m3031.html
361,https://anime47.com/phim/zero-no-tsukaima-ss2/m1310.html
362,https://anime47.com/phim/yu-gi-oh-5d-s/m1272.html
363,https://anime47.com/phim/attack-on-titan-final-season/m7752.html
364,https://anime47.com/phim/tsuujou-kougeki-ga-zentai-kougeki-de-ni-kai-kougeki-no-okaasan-wa-suki-desu-ka/m7326.html
365,https://anime47.com/phim/violet-evergarden/m6563.html
366,https://anime47.com/phim/nurarihyon-no-mago-ss1/m1386.html
367,https://anime47.com/phim/alps-no-shoujo-heidi/m4796.html
368,https://anime47.com/phim/skirt-no-naka-wa-kedamono-deshita/m6425.html
369,https://anime47.com/phim/souryo-to-majiwaru-shikiyoku-no-yoru-ni/m6183.html
370,https://anime47.com/phim/death-note-blu-ray/m5786.html
371,https://anime47.com/phim/taneyamagahara-no-yoru/m4330.html
372,https://anime47.com/phim/kill-la-kill/m3641.html
373,https://anime47.com/phim/re-creators/m6156.html
374,https://anime47.com/phim/irozuku-sekai-no-ashita-kara/m6927.html
375,https://anime47.com/phim/zero-no-tsukaima-f-ss4/m1864.html
376,https://anime47.com/phim/hachi-nan-tte-sore-wa-nai-deshou/m7559.html
377,https://anime47.com/phim/prince-of-tennis/m1481.html
378,https://anime47.com/phim/densetsu-no-yuusha-no-densetsu/m1401.html
379,https://anime47.com/phim/chien-binh-o-an-trong-ham-nguc/m7771.html
380,https://anime47.com/phim/neon-genesis-evangelion/m2723.html
381,https://anime47.com/phim/truong-hoc-nguc-tu-prison-school/m5303.html
382,https://anime47.com/phim/kuzu-no-honkai-uoc-nguyen-cua-ke-can-ba/m6081.html
383,https://anime47.com/phim/biet-doi-linh-cuu-hoa-phan-2/m7646.html
384,https://anime47.com/phim/hitsugi-no-chaika/m4025.html
385,https://anime47.com/phim/uzaki-chan-wa-asobitai/m7661.html
386,https://anime47.com/phim/ranma-1-2-movie-1/m4790.html
387,https://anime47.com/phim/miru-tights/m7220.html
388,https://anime47.com/phim/yamadakun-to-nananin-no-majo-2015/m4848.html
389,https://anime47.com/phim/val-x-love/m7383.html
390,https://anime47.com/phim/mahoutsukai-no-yome/m6326.html
391,https://anime47.com/phim/himouto-umaru-chan/m5114.html
392,https://anime47.com/phim/mahouka-koukou-no-rettousei-movie-hoshi-wo-yobu-shoujo/m6096.html
393,https://anime47.com/phim/durarara/m1382.html
394,https://anime47.com/phim/yuragi-sou-no-yuuna-san-ova/m8652.html
395,https://anime47.com/phim/toaru-kagaku-no-accelerator/m7309.html
396,https://anime47.com/phim/darwin-s-game/m7496.html
397,https://anime47.com/phim/tonari-no-kaibutsu-kun/m2631.html
398,https://anime47.com/phim/pugyuru/m4781.html
399,https://anime47.com/phim/prison-school/m5120.html
400,https://anime47.com/phim/fruits-basket-2019/m7174.html
401,https://anime47.com/phim/kamen-rider-zero-one/m7407.html
402,https://anime47.com/phim/dokyuu-hentai-hxeros/m7653.html
403,https://anime47.com/phim/kakegurui/m7101.html
404,https://anime47.com/phim/mekakucity-actors/m4009.html
405,https://anime47.com/phim/ore-no-kanojo-to-osananajimi-ga-shuraba-sugiru-bd/m4766.html
406,https://anime47.com/phim/shingeki-no-kyojin-kuinaki-sentaku/m4615.html
407,https://anime47.com/phim/bokutachi-wa-benkyou-ga-dekinai-2/m7401.html
408,https://anime47.com/phim/maoyu-maou-yuusha/m4952.html
409,https://anime47.com/phim/ore-no-yubi-de-midarero-heitengo-futarikiri-no-salon-de/m7576.html
410,https://anime47.com/phim/natsume-yuujinchou-ss1/m1504.html
411,https://anime47.com/phim/campione-bd/m4651.html
412,https://anime47.com/phim/kamen-rider-build/m6506.html
413,https://anime47.com/phim/date-a-live-episode-13/m4357.html
414,https://anime47.com/phim/ace-of-diamond/m3670.html
415,https://anime47.com/phim/ookami-shoujo-to-kuro-ouji-lang-nu-va-hoang-tu-hac-am/m4430.html
416,https://anime47.com/phim/strike-the-blood-ii-ova/m6011.html
417,https://anime47.com/phim/high-school-dxd-born-ova/m5365.html
418,https://anime47.com/phim/iya-na-kao-sare-nagara-opantsu-misete-moraitai-2/m7067.html
419,https://anime47.com/phim/overlord-movie-fushisha-no-ou-the-undead-king/m7037.html
420,https://anime47.com/phim/renai-boukun/m6154.html
421,https://anime47.com/phim/toppo-jijo-chu-chuot-khong-gian/m2878.html
422,https://anime47.com/phim/kimi-to-boku-no-saigo-no-senjou-aruiwa-sekai-ga-hajimaru-seisen/m7669.html
423,https://anime47.com/phim/shokugeki-no-souma-gou-no-sara/m7550.html
424,https://anime47.com/phim/slam-dunk/m7061.html
425,https://anime47.com/phim/pocahontas-ii-journey-to-a-new-world-1998-pocahontas-2-hanh-trinh-den-mot-the-gioi-moi/m3253.html
426,https://anime47.com/phim/hataraku-maou-sama/m2959.html
427,https://anime47.com/phim/koukaku-no-regios/m1605.html
428,https://anime47.com/phim/monster-musume-no-iru-nichijou-special/m5269.html
429,https://anime47.com/phim/toan-chuc-phap-su-ss2/m6511.html
430,https://anime47.com/phim/saenai-heroine-no-sodatekata-season-2/m6247.html
431,https://anime47.com/phim/sword-art-online-alicization/m7628.html
432,https://anime47.com/phim/nguyet-dao-di-gioi/m8044.html
433,https://anime47.com/phim/boku-no-hero-academia-5th-season/m7899.html
434,https://anime47.com/phim/kami-nomi-zo-shiru-sekai/m1434.html
435,https://anime47.com/phim/onii-chan-dakedo-ai-sae-areba-kankeinai-yo-ne/m3552.html
436,https://anime47.com/phim/kantai-collection-kancolle/m4698.html
437,https://anime47.com/phim/satsuriku-no-tenshi/m6814.html
438,https://anime47.com/phim/kuusen-madoushi-kouhosei-no-kyoukan/m5121.html
439,https://anime47.com/phim/trinity-seven-movie-eternity-library-to-alchemic-girl/m6123.html
440,https://anime47.com/phim/sora-no-otoshimono-ss2/m1345.html
441,https://anime47.com/phim/haikyuu-karasuno-koukou-vs-shiratorizawa-gakuen-koukou/m5834.html
442,https://anime47.com/phim/kono-subarashii-sekai-ni-shukufuku-wo-blu-ray/m5777.html
443,https://anime47.com/phim/maken-ki-ova/m3692.html
444,https://anime47.com/phim/dungeon-ni-deai-wo-motomeru-no-wa-machigatteiru-darou-ka-gaiden-sword-oratoria/m6147.html
445,https://anime47.com/phim/ore-no-nounai-sentakushi-ga-gakuen-love-comedy-wo-zenryoku-de-jama-shiteiru-bd/m4577.html
446,https://anime47.com/phim/to-love-ru-darkness-ova/m2581.html
447,https://anime47.com/phim/dungeon-ni-deai-wo-motomeru-no-wa-machigatteiru-darou-ka-iii/m7682.html
448,https://anime47.com/phim/magic-kaito-2014/m4457.html
449,https://anime47.com/phim/soredemo-sekai-wa-utsukushii/m4002.html
450,https://anime47.com/phim/kampfer/m1348.html
451,https://anime47.com/phim/gintama/m6049.html
452,https://anime47.com/phim/trinity-seven-movie-2/m7046.html
453,https://anime47.com/phim/mangaka-san-to-assistant-san-to-the-animation/m4912.html
454,https://anime47.com/phim/death-parade/m4708.html
455,https://anime47.com/phim/ai-yori-aoshi-ss1/m4545.html
456,https://anime47.com/phim/koi-to-senkyo-to-chocolate/m2945.html
457,https://anime47.com/phim/cong-cuoc-tai-thiet-vuong-quoc-cua-anh-hung-chu-nghia-hien-thuc/m8027.html
458,https://anime47.com/phim/maou-sama-retry/m7328.html
459,https://anime47.com/phim/otome-game-no-hametsu-flag-shika-nai-akuyaku-reijou-ni-tensei-shiteshimatta/m7554.html
460,https://anime47.com/phim/golden-time/m5149.html
461,https://anime47.com/phim/hai-to-gensou-no-grimgal/m5376.html
462,https://anime47.com/phim/musaigen-no-phantom-world/m5378.html
463,https://anime47.com/phim/toan-chuc-phap-su-3/m7079.html
464,https://anime47.com/phim/yu-gi-oh-vrains/m6186.html
465,https://anime47.com/phim/isekai-maou-to-shoukan-shoujo-no-dorei-majutsu/m7903.html
466,https://anime47.com/phim/rokujouma-no-shinryakusha/m4255.html
467,https://anime47.com/phim/yu-gi-oh-first-series-yugioh-first-series/m2767.html
468,https://anime47.com/phim/high-school-dxd-new-ova/m4780.html
469,https://anime47.com/phim/saikin-imouto-no-yousu-ga-chotto-okashiinda-ga-bd/m4748.html
470,https://anime47.com/phim/shingeki-no-kyojin-ova/m4045.html
471,https://anime47.com/phim/nande-koko-ni-sensei-ga-bd/m7446.html
472,https://anime47.com/phim/toaru-majutsu-no-index-ii/m1805.html
473,https://anime47.com/phim/clannad/m2969.html
474,https://anime47.com/phim/zero-no-tsukaima-ss3/m1309.html
475,https://anime47.com/phim/tate-no-yuusha-no-nariagari-season-2/m7877.html
476,https://anime47.com/phim/hyakka-ryouran-samurai-bride/m4983.html
477,https://anime47.com/phim/bungou-stray-dogs-3rd-season/m7185.html
478,https://anime47.com/phim/ban-gai-toi-la-co-gai-dam-dang-chung-tinh/m6505.html
479,https://anime47.com/phim/kamen-rider-wizard/m2597.html
480,https://anime47.com/phim/kyoukaisenjou-no-horizon/m1534.html
481,https://anime47.com/phim/sin-nanatsu-no-taizai/m6157.html
482,https://anime47.com/phim/relife/m5689.html
483,https://anime47.com/phim/anohana/m1438.html
484,https://anime47.com/phim/futari-ecchi/m1483.html
485,https://anime47.com/phim/trinity-seven-movie-2-tenkuu-toshokan-to-shinku-no-maou/m7237.html
486,https://anime47.com/phim/monster-musume-no-iru-nichijou-ova/m5919.html
487,https://anime47.com/phim/mob-psycho-100-ii/m7100.html
488,https://anime47.com/phim/the-god-of-high-school/m7652.html
489,https://anime47.com/phim/omamori-himari-bd/m1329.html
490,https://anime47.com/phim/terra-formars/m4386.html
491,https://anime47.com/phim/to-love-ru-darkness-2nd-ova/m5472.html
492,https://anime47.com/phim/dragon-ball-super-broly/m6921.html
493,https://anime47.com/phim/zetsuen-no-tempest-the-civilization-blaster/m2636.html
494,https://anime47.com/phim/kanojo-ga-flag-o-oraretara/m4008.html
495,https://anime47.com/phim/minh-muon-an-tuy-cua-cau/m7093.html
496,https://anime47.com/phim/fairy-tail-ova-5/m3278.html
497,https://anime47.com/phim/gunjou-no-magmel/m7196.html
498,https://anime47.com/phim/aishen-qiaokeli-ing/m5464.html
499,https://anime47.com/phim/youjo-senki/m6007.html
500,https://anime47.com/phim/wotaku-ni-koi-wa-muzukashii/m6696.html
501,https://anime47.com/phim/kyou-kara-maou/m4580.html
502,https://anime47.com/phim/maken-ki-specials/m4071.html
503,https://anime47.com/phim/kamen-rider-build-the-movie-be-the-one/m7137.html
504,https://anime47.com/phim/nobunaga-the-fool/m3826.html
505,https://anime47.com/phim/inazuma-eleven/m1741.html
506,https://anime47.com/phim/gokukoku-no-brynhildr/m3996.html
507,https://anime47.com/phim/fate-stay-night-unlimited-blade-works-movie/m5048.html
508,https://anime47.com/phim/86/m7912.html
509,https://anime47.com/phim/majo-no-tabitabi/m7425.html
510,https://anime47.com/phim/gleipnir/m7553.html
511,https://anime47.com/phim/fate-stay-night-movie-heaven-s-feel-ii-lost-butterfly/m7050.html
512,https://anime47.com/phim/kaze-no-stigma-stigma-of-the-wind/m1456.html
513,https://anime47.com/phim/school-days/m1531.html
514,https://anime47.com/phim/uchi-no-ko-no-tame-naraba-ore-wa-moshikashitara-maou-mo-taoseru-kamo-shirenai/m7331.html
515,https://anime47.com/phim/ladies-versus-butlers/m1461.html
516,https://anime47.com/phim/koe-no-katachi/m5746.html
517,https://anime47.com/phim/zyuden-sentai-kyoryuger/m2892.html
518,https://anime47.com/phim/fate-extra-last-encore/m6576.html
519,https://anime47.com/phim/ichiban-ushiro-no-daimaou-specials/m2430.html
520,https://anime47.com/phim/gundam-build-fighters-2nd-season/m4446.html
521,https://anime47.com/phim/tsugumomo/m6177.html
522,https://anime47.com/phim/shironeko-project-zero-chronicle/m7565.html
523,https://anime47.com/phim/koutetsujou-no-kabaneri-movie-3-unato-kessen/m7075.html
524,https://anime47.com/phim/noblesse-awakening/m5491.html
525,https://anime47.com/phim/strike-the-blood-iv/m7538.html
526,https://anime47.com/phim/kami-no-tou/m7552.html
527,https://anime47.com/phim/kenzen-robo-daimidaler/m3995.html
528,https://anime47.com/phim/uq-holder-mahou-sensei-negima-2/m6332.html
529,https://anime47.com/phim/5-toubun-no-hanayome/m7763.html
530,https://anime47.com/phim/captain-tsubasa-2018/m6721.html
531,https://anime47.com/phim/to-love-ru-ova-bd/m1241.html
532,https://anime47.com/phim/nobunaga-sensei-no-osanazuma/m7198.html
533,https://anime47.com/phim/saiki-kusuo-no-nan-2/m6610.html
534,https://anime47.com/phim/kamisama-hajimemashita/m2657.html
535,https://anime47.com/phim/okusama-ga-seitokaichou/m5840.html
536,https://anime47.com/phim/dragon-ball-heroes/m6890.html
537,https://anime47.com/phim/valkyrie-drive-mermaid/m5245.html
538,https://anime47.com/phim/overlord-movie-2-shikkoku-no-eiyuu/m7038.html
539,https://anime47.com/phim/kore-wa-zombie-desu-ka-2/m2128.html
540,https://anime47.com/phim/100-man-no-inochi-no-ue-ni-ore-wa-tatteiru/m7699.html
541,https://anime47.com/phim/kuruko-tuyen-thu-vo-hinh-tran-dau-cuoi-cung/m6513.html
542,https://anime47.com/phim/senran-kagura-shinovi-master-tokyo-youma-hen/m6953.html
543,https://anime47.com/phim/toaru-kagaku-no-railgun/m1808.html
544,https://anime47.com/phim/dinoknight-sentai-ryusoulger/m7286.html
545,https://anime47.com/phim/seirei-tsukai-no-blade-dance/m4527.html
546,https://anime47.com/phim/isuca/m4745.html
547,https://anime47.com/phim/senran-kagura/m2788.html
548,https://anime47.com/phim/triage-x-recollection-xoxo/m6470.html
549,https://anime47.com/phim/soul-eater/m1786.html
550,https://anime47.com/phim/naruto-shippuuden-movie-6-road-to-ninja/m2948.html
551,https://anime47.com/phim/d-frag/m4944.html
552,https://anime47.com/phim/baka-to-test-to-shoukanjuu-ni-ss2/m1799.html
553,https://anime47.com/phim/nurarihyon-no-mago-ss2/m1635.html
554,https://anime47.com/phim/mayo-chiki/m4999.html
555,https://anime47.com/phim/gintama-kanketsu-hen-yorozuya-yo-eien-nare-movie-2/m3789.html
556,https://anime47.com/phim/date-a-live-mayuri-judgement/m5126.html
557,https://anime47.com/phim/kamen-rider-decade/m2087.html
558,https://anime47.com/phim/dua-con-cua-thoi-tiet/m7301.html
559,https://anime47.com/phim/garo-honoo-no-kokuin-viem-hoa-khac-an/m4439.html
560,https://anime47.com/phim/kimi-ni-todoke-ss1/m4964.html
561,https://anime47.com/phim/tejina-senpai/m7315.html
562,https://anime47.com/phim/hajime-no-ippo-vietsub/m1301.html
563,https://anime47.com/phim/kimi-no-suizou-wo-tabetai/m6875.html
564,https://anime47.com/phim/shokugeki-no-souma-ova/m5735.html
565,https://anime47.com/phim/that-dai-toi-phan-quyet-cua-su-phan-no/m7766.html
566,https://anime47.com/phim/dac-an-cua-than/m7696.html
567,https://anime47.com/phim/fairy-gone/m7311.html
568,https://anime47.com/phim/love-stage/m4363.html
569,https://anime47.com/phim/mnemosyne-mnemosyne-no-musume-tachi-bd/m2733.html
570,https://anime47.com/phim/fate-stay-night-movie-heaven-s-feel-iii-spring-song/m7508.html
571,https://anime47.com/phim/princess-lover/m4859.html
572,https://anime47.com/phim/bungou-stray-dogs-2nd-season/m5833.html
573,https://anime47.com/phim/vinland-saga/m7320.html
574,https://anime47.com/phim/sekirei-pure-engagement/m2729.html
575,https://anime47.com/phim/ressha-sentai-toqger/m3925.html
576,https://anime47.com/phim/arifureta-shokugyou-de-sekai-saikyou-specials/m7497.html
577,https://anime47.com/phim/no-game-no-life-zero/m6314.html
578,https://anime47.com/phim/mm/m3866.html
579,https://anime47.com/phim/outbreak-company/m5340.html
580,https://anime47.com/phim/infinite-dendrogram/m7471.html
581,https://anime47.com/phim/akane-iro-ni-somaru-saka/m7156.html
582,https://anime47.com/phim/the-gioi-hoan-my/m7975.html
583,https://anime47.com/phim/yahari-ore-no-seishun-love-comedy-wa-machigatteiru-zoku-ova/m5918.html
584,https://anime47.com/phim/kamen-rider-ryuki/m2320.html
585,https://anime47.com/phim/bi-duoi-khoi-to-doi-anh-hung-vi-khong-phai-la-nguoi-dong-doi-chan-chinh-toi-quyet-dinh-lui-ve-vung-bien-cuong-de-song-nhan-nha/m8138.html
586,https://anime47.com/phim/date-a-live-iv/m7964.html
587,https://anime47.com/phim/kuroko-no-basket-2nd-season-ng-shuu/m3965.html
588,https://anime47.com/phim/conception/m6957.html
589,https://anime47.com/phim/psycho-pass/m5358.html
590,https://anime47.com/phim/nga-quy-tokyo-dong-kinh-thuc-chung/m6596.html
591,https://anime47.com/phim/darker-than-black-ss1/m5450.html
592,https://anime47.com/phim/naruto-the-movie-7-the-last/m4858.html
593,https://anime47.com/phim/kanokon-bd/m1972.html
594,https://anime47.com/phim/is-infinite-stratos-2-world-purge-hen-ova-2/m4597.html
595,https://anime47.com/phim/gegege-no-kitarou-2018/m6741.html
596,https://anime47.com/phim/sekai-ichi-hatsukoi-season-1/m2025.html
597,https://anime47.com/phim/rail-wars/m5301.html
598,https://anime47.com/phim/yubisaki-kara-no-honki-no-netsujou-osananajimi-wa-shouboushi/m7346.html
599,https://anime47.com/phim/amagami-ss/m1840.html
600,https://anime47.com/phim/no-game-no-life-specials/m4438.html
601,https://anime47.com/phim/trinity-seven-nanatsu-no-taizai-to-nana-madoushi/m7045.html
602,https://anime47.com/phim/azur-lane/m7395.html
603,https://anime47.com/phim/sankarea-bd/m2771.html
604,https://anime47.com/phim/sewayaki-kitsune-no-senko-san/m7181.html
605,https://anime47.com/phim/fugou-keiji-balance-unlimited/m8644.html
606,https://anime47.com/phim/3d-kanojo-real-girl/m6715.html
607,https://anime47.com/phim/boku-wa-tomodachi-ga-sukunai-add-on-disc/m4141.html
608,https://anime47.com/phim/tokyo-revengers/m7910.html
609,https://anime47.com/phim/gintama-shirogane-no-tamashii-hen-2/m6821.html
610,https://anime47.com/phim/citrus/m6604.html
611,https://anime47.com/phim/doraemon-movie/m5164.html
612,https://anime47.com/phim/5-centimeters-per-second/m3018.html
613,https://anime47.com/phim/truong-hoc-nguc-tu/m5307.html
614,https://anime47.com/phim/tensei-shitara-slime-datta-ken-ova/m7360.html
615,https://anime47.com/phim/world-trigger-isekai-kara-no-toubousha/m5281.html
616,https://anime47.com/phim/gamers/m6324.html
617,https://anime47.com/phim/gugure-kokkuri-san/m4442.html
618,https://anime47.com/phim/akuma-no-riddle/m3997.html
619,https://anime47.com/phim/fate-stay-night-movie-heaven-s-feel-i-presage-flower/m6344.html
620,https://anime47.com/phim/date-a-live-encore-ova/m4618.html
621,https://anime47.com/phim/naruto-shippuuden-movie-1/m2018.html
622,https://anime47.com/phim/machine-doll-wa-kizutsukanai-bd/m5111.html
623,https://anime47.com/phim/nourin/m3854.html
624,https://anime47.com/phim/mayoi-neko-overrun-bd/m2751.html
625,https://anime47.com/phim/nanatsu-no-taizai-imashime-no-fukkatsu-joshou/m6660.html
626,https://anime47.com/phim/free/m3303.html
627,https://anime47.com/phim/hige-wo-soru-soshite-joshikousei-wo-hirou/m7743.html
628,https://anime47.com/phim/vo-than-chua-te/m7828.html
629,https://anime47.com/phim/lao-hac-sieu-nhan/m7088.html
630,https://anime47.com/phim/ladies-versus-butlers-special-ova-18/m2267.html
631,https://anime47.com/phim/shingeki-kyojin-chuugakkou/m5250.html
632,https://anime47.com/phim/seitokai-no-ichizon/m1342.html
633,https://anime47.com/phim/tensura-nikki-tensei-shitara-slime-datta-ken/m7905.html
634,https://anime47.com/phim/kono-subarashii-sekai-ni-shukufuku-wo-2-ova/m6311.html
635,https://anime47.com/phim/kimetsu-no-yaiba-movie-mugen-ressha-hen/m7858.html
636,https://anime47.com/phim/tawawa-on-monday/m5959.html
637,https://anime47.com/phim/tsugu-tsugumomo/m7561.html
638,https://anime47.com/phim/oda-nobuna-no-yabou-tham-vong-cua-oda-nobuna/m2716.html
639,https://anime47.com/phim/persona-5-the-animation/m6709.html
640,https://anime47.com/phim/nisemonogatari/m1866.html
641,https://anime47.com/phim/code-geass-hangyaku-no-lelouch-r2/m2449.html
642,https://anime47.com/phim/daitoshokan-no-hitsujikai-nguoi-chan-cuu-cua-thu-vien-lon/m4461.html
643,https://anime47.com/phim/jinsei/m4249.html
644,https://anime47.com/phim/mahou-shoujo-madoka-magica/m2943.html
645,https://anime47.com/phim/otona-no-bouguya-san/m7146.html
646,https://anime47.com/phim/little-busters-ss1/m2646.html
647,https://anime47.com/phim/gto-great-teacher-onizuka/m1322.html
648,https://anime47.com/phim/sukitte-ii-na-yo/m5354.html
649,https://anime47.com/phim/lupin-the-3rd-vs-detective-conan-the-movie-1/m2655.html
650,https://anime47.com/phim/seitokai-yakuindomo/m1343.html
651,https://anime47.com/phim/queen-s-blade-ss1/m1515.html
652,https://anime47.com/phim/is-infinite-stratos-2-hitonatsu-no-omoide-ova-1/m3718.html
653,https://anime47.com/phim/grisaia-no-kajitsu-specials/m4767.html
654,https://anime47.com/phim/monogatari-series-second-season/m3322.html
655,https://anime47.com/phim/detective-conan-the-fugitive-kogorou-mouri/m4681.html
656,https://anime47.com/phim/3d-kanojo-real-girl-2nd-season/m7110.html
657,https://anime47.com/phim/rosario-to-vampire/m5054.html
658,https://anime47.com/phim/tasogare-otome-x-amnesia/m4899.html
659,https://anime47.com/phim/seishun-buta-yarou-wa-yumemiru-shoujo-no-yume-wo-minai/m7225.html
660,https://anime47.com/phim/nanatsu-no-taizai-movie-tenkuu-no-torawarebito/m6874.html
661,https://anime47.com/phim/maken-ki-two-specials/m4070.html
662,https://anime47.com/phim/avatar-the-last-airbender-book-tiet-khi-su-cuoi-cung/m2494.html
663,https://anime47.com/phim/grancrest-senki/m6669.html
664,https://anime47.com/phim/dumbbell-nan-kilo-moteru/m7324.html
665,https://anime47.com/phim/magia-record-mahou-shoujo-madoka-magica-gaiden-tv/m7164.html
666,https://anime47.com/phim/karakai-jouzu-no-takagi-san/m6611.html
667,https://anime47.com/phim/kaichou-wa-maid-sama/m1339.html
668,https://anime47.com/phim/k-on-ss1/m1714.html
669,https://anime47.com/phim/sakamoto-desu-ga/m5523.html
670,https://anime47.com/phim/toaru-kagaku-no-railgun-t/m7460.html
671,https://anime47.com/phim/kobayashi-san-chi-no-maid-dragon-s/m7966.html
672,https://anime47.com/phim/mahou-shoujo-tokushusen-asuka/m6926.html
673,https://anime47.com/phim/hayate-no-gotoku-ss1/m5046.html
674,https://anime47.com/phim/yuusha-ni-narenakatta-ore-wa-shibushibu-shuushoku-wo-ketsui-shimashita/m4595.html
675,https://anime47.com/phim/grimms-notes-the-animation/m7115.html
676,https://anime47.com/phim/boruto-the-naruto-movie/m5780.html
677,https://anime47.com/phim/lupin-the-3rd-vs-detective-conan-the-movie-2/m4268.html
678,https://anime47.com/phim/naruto-ova/m2357.html
679,https://anime47.com/phim/seto-no-hanayome/m1631.html
680,https://anime47.com/phim/bikini-warriors/m5110.html
681,https://anime47.com/phim/yahari-ore-no-seishun-love-come-wa-machigatteiru-ova/m3631.html
682,https://anime47.com/phim/sekai-saikou-no-ansatsusha-isekai-kizoku-ni-tensei-suru/m8176.html
683,https://anime47.com/phim/kingdom/m2506.html
684,https://anime47.com/phim/linh-kiem-ton/m7826.html
685,https://anime47.com/phim/clannad-after-story/m1900.html
686,https://anime47.com/phim/aishen-qiaokeli-ing-2nd-season/m6602.html
687,https://anime47.com/phim/grisaia-no-meikyuu/m4850.html
688,https://anime47.com/phim/kamen-rider-ex-aid/m5953.html
689,https://anime47.com/phim/kurokami-the-animation/m4923.html
690,https://anime47.com/phim/katsute-kami-datta-kemono-tachi-e/m7316.html
691,https://anime47.com/phim/shugo-chara-full/m1947.html
692,https://anime47.com/phim/sekai-ichi-hatsukoi-season-2/m2032.html
693,https://anime47.com/phim/ulysses-jehanne-darc-to-renkin-no-kishi/m6948.html
694,https://anime47.com/phim/re-zero-kara-hajimeru-isekai-seikatsu-2nd-season-part-2/m7762.html
695,https://anime47.com/phim/shijou-saikyou-no-deshi-kenichi-kenichi-vo-sinh-manh-nhat-lich-su/m2569.html
696,https://anime47.com/phim/kamisama-hajimemashita-ss2/m4949.html
697,https://anime47.com/phim/code-geass-1-boukoku-no-akito/m2630.html
698,https://anime47.com/phim/magi-sinbad-no-bouken-tv/m5525.html
699,https://anime47.com/phim/strike-the-blood-ova/m5335.html
700,https://anime47.com/phim/jaku-chara-tomozaki-kun/m7770.html
701,https://anime47.com/phim/nagi-no-asukara/m3643.html
702,https://anime47.com/phim/fairy-tail-movie-houou-no-miko/m2879.html
703,https://anime47.com/phim/yagate-kimi-ni-naru/m6946.html
704,https://anime47.com/phim/elsword-el-lady/m6020.html
705,https://anime47.com/phim/shichisei-no-subaru/m6825.html
706,https://anime47.com/phim/freezing-ss2/m3654.html
707,https://anime47.com/phim/radiant-2nd-season/m7388.html
708,https://anime47.com/phim/chu-doi-21/m5310.html
709,https://anime47.com/phim/avatar-the-legend-of-korra-truyen-thuyet-ve-korra/m2515.html
710,https://anime47.com/phim/kyou-no-asuka-show/m4146.html
711,https://anime47.com/phim/shingeki-no-kyojin-movie-2-jiyuu-no-tsubasa/m7043.html
712,https://anime47.com/phim/inazuma-eleven-orion-no-kokuin/m6976.html
713,https://anime47.com/phim/asa-made-jugy-chu/m2517.html
714,https://anime47.com/phim/overlord-specials/m5162.html
715,https://anime47.com/phim/nanatsu-no-taizai-ova/m5190.html
716,https://anime47.com/phim/ansatsu-kyoushitsu/m3896.html
717,https://anime47.com/phim/dragon-quest-dau-an-rong-thieng-2020/m7686.html
718,https://anime47.com/phim/naruto-shippuuden-movie-2/m3009.html
719,https://anime47.com/phim/rikei-ga-koi-ni-ochita-no-de-shoumei-shitemita/m7468.html
720,https://anime47.com/phim/kamen-rider-ghost/m5279.html
721,https://anime47.com/phim/boku-no-kanojo-ga-majimesugiru-sho-bitch-na-ken-ova/m6526.html
722,https://anime47.com/phim/kuroshitsuji-ss2-hac-quan-gia-ss2/m2550.html
723,https://anime47.com/phim/seikon-no-qwaser-ii/m4614.html
724,https://anime47.com/phim/nisekoi-ova/m4804.html
725,https://anime47.com/phim/rokka-no-yuusha/m5093.html
726,https://anime47.com/phim/shaman-king-2021/m7906.html
727,https://anime47.com/phim/dr-stone-stone-wars/m7761.html
728,https://anime47.com/phim/magi-adventure-of-sinbad/m4192.html
729,https://anime47.com/phim/boku-no-hero-academia-training-of-the-dead/m6480.html
730,https://anime47.com/phim/mahou-sensei-negima/m5341.html
731,https://anime47.com/phim/yuusha-ni-narenakatta-ore-wa-shibushibu-shuushoku-wo-ketsui-shimashita/m3648.html
732,https://anime47.com/phim/hoi-ki-vanitas/m8031.html
733,https://anime47.com/phim/kono-subarashii-sekai-ni-shukufuku-wo-kurenai-densetsu/m7355.html
734,https://anime47.com/phim/inu-x-boku-ss/m4346.html
735,https://anime47.com/phim/dungeon-ni-deai-wo-motomeru-no-wa-machigatteiru-darou-ka-ii-ova/m7516.html
736,https://anime47.com/phim/haiyore-nyaruko-san-bd/m4508.html
737,https://anime47.com/phim/dragon-ball-gt-a-heros-legacy/m7283.html
738,https://anime47.com/phim/attack-on-titan-live-action-part-1/m5172.html
739,https://anime47.com/phim/kakumeiki-valvrave/m2995.html
740,https://anime47.com/phim/granblue-fantasy-the-animation/m5896.html
741,https://anime47.com/phim/hamatora-the-animation/m3844.html
742,https://anime47.com/phim/masamune-kun-no-revenge-ova/m6864.html
743,https://anime47.com/phim/vua-banh-my-nhat-ban/m5298.html
744,https://anime47.com/phim/shuffle/m1892.html
745,https://anime47.com/phim/kuroshitsuji-book-of-circus/m4261.html
746,https://anime47.com/phim/kyuukyoku-shinka-shita-full-dive-rpg-ga-genjitsu-yori-mo-kusoge-dattara/m7922.html
747,https://anime47.com/phim/tales-of-zestiria-the-x/m5699.html
748,https://anime47.com/phim/photo-kano/m2963.html
749,https://anime47.com/phim/karakai-jouzu-no-takagi-san-2/m7321.html
750,https://anime47.com/phim/mashiro-iro-symphony-the-color-of-lovers/m3886.html
751,https://anime47.com/phim/tsurezure-children/m6289.html
752,https://anime47.com/phim/re-zero-kara-hajimeru-isekai-seikatsu-memory-snow/m6992.html
753,https://anime47.com/phim/just-because/m6523.html
754,https://anime47.com/phim/elfen-lied-bd/m1373.html
755,https://anime47.com/phim/overlord-iv/m8667.html
756,https://anime47.com/phim/overlord-ple-ple-pleiades-ova/m5740.html
757,https://anime47.com/phim/shaman-king/m1313.html
758,https://anime47.com/phim/guilty-crown-blu-ray/m5828.html
759,https://anime47.com/phim/ryuugajou-nanana-no-maizoukin-tv/m4031.html
760,https://anime47.com/phim/naruto-movie-1/m1978.html
761,https://anime47.com/phim/shinkyoku-soukai-polyphonica-crimson-s/m1619.html
762,https://anime47.com/phim/diamond-no-ace-act-ii/m7197.html
763,https://anime47.com/phim/ai-no-kusabi/m3466.html
764,https://anime47.com/phim/hunter-x-hunter-the-last-mission/m4284.html
765,https://anime47.com/phim/amagi-brilliant-park/m5182.html
766,https://anime47.com/phim/aho-girl/m6291.html
767,https://anime47.com/phim/hotarubi-no-mori-e/m2019.html
768,https://anime47.com/phim/nang-noi-loan-x-chang-tho-may/m8225.html
769,https://anime47.com/phim/code-geass-hangyaku-no-lelouch-r2-bd/m3028.html
770,https://anime47.com/phim/ao-no-exorcist-kyoto-fujouou-hen/m6044.html
771,https://anime47.com/phim/bleach-movie-4/m1426.html
772,https://anime47.com/phim/beatless/m6607.html
773,https://anime47.com/phim/revisions/m7108.html
774,https://anime47.com/phim/school-days/m5069.html
775,https://anime47.com/phim/hitsugi-no-chaika-phan-2/m4451.html
776,https://anime47.com/phim/haikyuu-4th-season-part-2/m7747.html
777,https://anime47.com/phim/kami-nomi-zo-shiru-sekai-3/m4394.html
778,https://anime47.com/phim/monster-musume-no-oishasan/m7674.html
779,https://anime47.com/phim/naruto-shippuuden-movie-4/m1240.html
780,https://anime47.com/phim/ushio-to-tora-2015/m5099.html
781,https://anime47.com/phim/bleach-movie-1/m1823.html
782,https://anime47.com/phim/btooom/m3176.html
783,https://anime47.com/phim/rurouni-kenshin/m1582.html
784,https://anime47.com/phim/asu-no-yoichi/m1357.html
785,https://anime47.com/phim/denpa-onna-to-seishun-otoko/m1432.html
786,https://anime47.com/phim/watashi-ni-tenshi-ga-maiorita/m7116.html
787,https://anime47.com/phim/hoshizora-e-kakaru-hashi/m1583.html
788,https://anime47.com/phim/dies-irae/m6328.html
789,https://anime47.com/phim/fumetsu-no-anata-e/m7904.html
790,https://anime47.com/phim/sounan-desu-ka/m7314.html
791,https://anime47.com/phim/higurashi-no-naku-koro-ni/m1607.html
792,https://anime47.com/phim/yami-shibai/m3583.html
793,https://anime47.com/phim/shingeki-no-kyojin-lost-girls/m6688.html
794,https://anime47.com/phim/hidan-no-aria/m2946.html
795,https://anime47.com/phim/joukamachi-no-dandelion/m5102.html
796,https://anime47.com/phim/xin-chao-the-gioi/m7380.html
797,https://anime47.com/phim/kekkaishi/m1575.html
798,https://anime47.com/phim/kami-sama-ni-natta-hi/m8457.html
799,https://anime47.com/phim/gintama-movie-1/m4990.html
800,https://anime47.com/phim/pham-nhan-tu-tien-phong-khoi-thien-nam/m7834.html
801,https://anime47.com/phim/ikkitousen/m5460.html
802,https://anime47.com/phim/tenrou-sirius-the-jaeger/m6819.html
803,https://anime47.com/phim/hitorijime-my-hero/m6423.html
804,https://anime47.com/phim/buddy-complex/m3791.html
805,https://anime47.com/phim/choujigen-game-neptune-the-animation/m3420.html
806,https://anime47.com/phim/gintama-shirogane-no-tamashii-hen/m6615.html
807,https://anime47.com/phim/kamen-rider-w/m2143.html
808,https://anime47.com/phim/code-geass-boukoku-no-akito-2-hikisakareshi-yokuryuu/m3794.html
809,https://anime47.com/phim/tamako-market/m2793.html
810,https://anime47.com/phim/imouto-sae-ireba-ii/m6529.html
811,https://anime47.com/phim/gintama-2017-porori-hen/m6518.html
812,https://anime47.com/phim/mairimashita-iruma-kun-2nd-season/m7908.html
813,https://anime47.com/phim/air-gear/m1392.html
814,https://anime47.com/phim/gekijouban-hunter-x-hunter-phantom-rouge-movie/m3487.html
815,https://anime47.com/phim/blood-c/m1217.html
816,https://anime47.com/phim/detective-conan-live-action-3/m4176.html
817,https://anime47.com/phim/fairy-tail-ova-1/m1247.html
818,https://anime47.com/phim/music-video-vietsub/m7180.html
819,https://anime47.com/phim/yeu-than-ky/m7737.html
820,https://anime47.com/phim/inazuma-eleven-go-galaxy/m3168.html
821,https://anime47.com/phim/tachibanakan-triangle/m6725.html
822,https://anime47.com/phim/fullmetal-alchemist/m5950.html
823,https://anime47.com/phim/boku-no-hero-academia-the-movie-2-heroes-rising/m7662.html
824,https://anime47.com/phim/asobi-asobase/m6839.html
825,https://anime47.com/phim/deca-dence/m8466.html
826,https://anime47.com/phim/noblesse/m8422.html
827,https://anime47.com/phim/dog-days-ss1/m2612.html
828,https://anime47.com/phim/bleach-movie-2/m1824.html
829,https://anime47.com/phim/teen-titans/m5206.html
830,https://anime47.com/phim/the-amazing-world-of-gumball-season-3/m4497.html
831,https://anime47.com/phim/jibaku-shounen-hanako-kun/m7469.html
832,https://anime47.com/phim/nakanohito-genome/m7330.html
833,https://anime47.com/phim/date-a-live-season-2-blu-ray/m5811.html
834,https://anime47.com/phim/kaizoku-sentai-gokaiger/m4396.html
835,https://anime47.com/phim/ore-ga-suki-nano-wa-imouto-dakedo-imouto-ja-nai/m6949.html
836,https://anime47.com/phim/inazuma-eleven-go/m2410.html
837,https://anime47.com/phim/araburu-kisetsu-no-otome-domo-yo/m7333.html
838,https://anime47.com/phim/shuumatsu-nani-shitemasu-ka-isogashii-desu-ka-sukutte-moratte-ii-desu-ka/m6162.html
839,https://anime47.com/phim/dororo-live-action/m7251.html
840,https://anime47.com/phim/kamen-rider-ooo/m2068.html
841,https://anime47.com/phim/cau-chuyen-neu-nhu-thieu-nien-song-o-ngoi-lang-ngay-truoc-dungeon-cuoi-cung-den-thanh-tan-thu-de-muu-sinh/m7803.html
842,https://anime47.com/phim/tanaka-kun-wa-itsumo-kedaruge/m5533.html
843,https://anime47.com/phim/ousama-game-the-animation/m6525.html
844,https://anime47.com/phim/triage-x/m5432.html
845,https://anime47.com/phim/bleach-movie-3/m1235.html
846,https://anime47.com/phim/boku-dake-ga-inai-machi-thi-tran-noi-chi-minh-toi-luu-lac/m5374.html
847,https://anime47.com/phim/shingeki-no-bahamut-genesis/m4436.html
848,https://anime47.com/phim/tamako-love-story/m4488.html
849,https://anime47.com/phim/koi-to-uso/m6281.html
850,https://anime47.com/phim/tensei-shitara-slime-datta-ken-oad/m7658.html
851,https://anime47.com/phim/slime-taoshite-300-nen-shiranai-uchi-ni-level-max-ni-nattemashita/m7911.html
852,https://anime47.com/phim/isekai-quartet/m7184.html
853,https://anime47.com/phim/inazuma-eleven-go-chrono-stone/m2440.html
854,https://anime47.com/phim/akame-ga-kill-theater/m4636.html
855,https://anime47.com/phim/hellsing-ultimate/m1628.html
856,https://anime47.com/phim/nhat-niem-vinh-hang/m7832.html
857,https://anime47.com/phim/r-15/m1443.html
858,https://anime47.com/phim/bakuman-season-1/m1316.html
859,https://anime47.com/phim/hitori-no-shita-the-outcast/m5725.html
860,https://anime47.com/phim/hentai-ouji-to-warawanai-neko-specials/m4113.html
861,https://anime47.com/phim/kuroko-no-basket-special/m3759.html
862,https://anime47.com/phim/youjo-senki-bd/m7256.html
863,https://anime47.com/phim/vanquished-queens/m3514.html
864,https://anime47.com/phim/fruits-basket-2nd-season/m7551.html
865,https://anime47.com/phim/11eyes/m1388.html
866,https://anime47.com/phim/mirai-nikki-redial/m3338.html
867,https://anime47.com/phim/07-ghost/m1327.html
868,https://anime47.com/phim/white-album-season-1/m3745.html
869,https://anime47.com/phim/lam-lai-cuoc-doi-chung-ta/m8035.html
870,https://anime47.com/phim/bleach-live-action/m6468.html
871,https://anime47.com/phim/shiki/m1675.html
872,https://anime47.com/phim/prisma-illya-ss1/m4800.html
873,https://anime47.com/phim/naruto-shippuuden-movie-5-the-blood-prison/m2346.html
874,https://anime47.com/phim/togainu-no-chi/m3262.html
875,https://anime47.com/phim/kyoukai-no-kanata-movie-i-ll-be-here-kako-hen/m4854.html
876,https://anime47.com/phim/hajimete-no-gal-ova/m6691.html
877,https://anime47.com/phim/tenjou-tenge-tenjou-tenge/m2562.html
878,https://anime47.com/phim/pokemon-tham-tu-pikachu/m7306.html
879,https://anime47.com/phim/chuunibyou-demo-koi-ga-shitai-movie-take-on-me/m6650.html
880,https://anime47.com/phim/nyan-koi/m2024.html
881,https://anime47.com/phim/issho-ni-sleeping-sleeping-with-hinako/m8630.html
882,https://anime47.com/phim/kengan-ashura/m7353.html
883,https://anime47.com/phim/the-amazing-world-of-gumball/m4182.html
884,https://anime47.com/phim/sukina-hito-ga-iru-koto/m7086.html
885,https://anime47.com/phim/boku-wa-tomodachi-ga-sukunai-live-action/m4598.html
886,https://anime47.com/phim/kamisama-no-memochou/m4953.html
887,https://anime47.com/phim/itai-no-wa-iya-nano-de-bougyoryoku-ni-kyokufuri-shitai-to-omoimasu-ii/m7545.html
888,https://anime47.com/phim/fairy-tail-ova-6-fairy-tail-x-rave/m3604.html
889,https://anime47.com/phim/the-amazing-world-of-gumball-season-5/m5949.html
890,https://anime47.com/phim/ky-tuc-xa-nu-than/m8059.html
891,https://anime47.com/phim/kamigami-no-asobi/m4538.html
892,https://anime47.com/phim/zombieland-saga/m6954.html
893,https://anime47.com/phim/sora-no-otoshimono-final-eternal-my-master/m4318.html
894,https://anime47.com/phim/saenai-heroine-no-sodatekata-fine/m8648.html
895,https://anime47.com/phim/gundam-build-fighters/m3683.html
896,https://anime47.com/phim/detective-conan-live-action-4/m2654.html
897,https://anime47.com/phim/doc-bo-tieu-dao/m7829.html
898,https://anime47.com/phim/kono-oto-tomare/m7194.html
899,https://anime47.com/phim/machine-doll-wa-kizutsukanai-specials/m4089.html
900,https://anime47.com/phim/honzuki-no-gekokujou-shisho-ni-naru-tame-ni-wa-shudan-wo-erandeiraremasen/m7389.html
901,https://anime47.com/phim/ryuuou-no-oshigoto/m6620.html
902,https://anime47.com/phim/komi-san-wa-comyushou-desu/m8170.html
903,https://anime47.com/phim/takanashi-rikka-kai-chuunibyou-demo-koi-ga-shitai-movie/m3933.html
904,https://anime47.com/phim/cop-craft/m7335.html
905,https://anime47.com/phim/tsuki-ga-kirei/m6164.html
906,https://anime47.com/phim/attack-on-titan-live-action-part-2/m5329.html
907,https://anime47.com/phim/hataraku-saibou-tv/m6831.html
908,https://anime47.com/phim/gokukoku-no-brynhildr/m4592.html
909,https://anime47.com/phim/murenase-seton-gakuen/m7485.html
910,https://anime47.com/phim/chou-yuu-sekai-being-the-reality/m6073.html
911,https://anime47.com/phim/yakusoku-no-neverland-2nd-season/m7758.html
912,https://anime47.com/phim/nozo-x-kimi/m8738.html
913,https://anime47.com/phim/k-su-tro-ve-cua-cac-de-vuong-k-return-of-kings/m5228.html
914,https://anime47.com/phim/kaitou-sentai-lupinranger-vs-keisatsu-sentai-patranger/m6687.html
915,https://anime47.com/phim/code-geass-su-phuc-sinh-cua-lelouch/m7280.html
916,https://anime47.com/phim/showtime-uta-no-oneesan-datte-shitai/m8182.html
917,https://anime47.com/phim/akagami-no-shirayukihime/m5103.html
918,https://anime47.com/phim/gekijouban-toaru-majutsu-no-index-endymion-no-kiseki/m3568.html
919,https://anime47.com/phim/baki-2nd-season/m7593.html
920,https://anime47.com/phim/c3-cube-x-cursed-x-curious/m1521.html
921,https://anime47.com/phim/natsume-yuujinchou-ss2/m1507.html
922,https://anime47.com/phim/digimon-adventure-ss1/m1757.html
923,https://anime47.com/phim/fairy-tail-movie-2-dragon-cry/m6216.html
924,https://anime47.com/phim/sunoharasou-no-kanrinin-san/m6832.html
925,https://anime47.com/phim/chain-chronicle-haecceitas-no-hikari-tv-series/m6036.html
926,https://anime47.com/phim/nogizaka-haruka-no-himitsu-ss1/m1707.html
927,https://anime47.com/phim/kuroko-no-basket-3rd-season-ng-shuu/m5173.html
928,https://anime47.com/phim/given/m7334.html
929,https://anime47.com/phim/corpse-party-tortured-souls-ova/m3536.html
930,https://anime47.com/phim/mujaki-no-rakuen-ova/m4372.html
931,https://anime47.com/phim/sentouin-hakenshimasu/m7915.html
932,https://anime47.com/phim/happy-sugar-life/m6792.html
933,https://anime47.com/phim/fate-grand-order-first-order/m6039.html
934,https://anime47.com/phim/stand-by-me-doraemon/m4629.html
935,https://anime47.com/phim/qualidea-code/m5703.html
936,https://anime47.com/phim/aoki-hagane-no-arpeggio-ars-nova/m3664.html
937,https://anime47.com/phim/danganronpa-3-the-end-of-kibougamine-gakuen-mirai-hen/m5691.html
938,https://anime47.com/phim/shakugan-no-shana-2/m1391.html
939,https://anime47.com/phim/death-note-live-action/m3415.html
940,https://anime47.com/phim/utawarerumono/m4958.html
941,https://anime47.com/phim/kyoukai-no-kanata-movie-i-ll-be-here-mirai-hen/m4868.html
942,https://anime47.com/phim/steins-gate-0/m6705.html
943,https://anime47.com/phim/hori-san-to-miyamura-kun/m4606.html
944,https://anime47.com/phim/one-outs/m3898.html
945,https://anime47.com/phim/k-on-season-2-k-on-season-2/m1720.html
946,https://anime47.com/phim/gintama-silver-soul-ngan-hon/m6601.html
947,https://anime47.com/phim/netsuzou-trap/m6279.html
948,https://anime47.com/phim/denpa-kyoushi-tv/m4821.html
949,https://anime47.com/phim/fortune-arterial-akai-yakusoku/m1813.html
950,https://anime47.com/phim/naruto-shippuuden-movie-3/m2015.html
951,https://anime47.com/phim/ixion-saga-dimension-transfer/m2666.html
952,https://anime47.com/phim/cong-chua-ban-yeu-sengoku-otogizoushi/m7687.html
953,https://anime47.com/phim/nogizaka-haruka-no-himitsu-finale/m4403.html
954,https://anime47.com/phim/boogiepop-wa-warawanai-2019/m7104.html
955,https://anime47.com/phim/one-punch-man-blu-ray/m5946.html
956,https://anime47.com/phim/lady-jewelpet/m4014.html
957,https://anime47.com/phim/spy-x-family/m8309.html
958,https://anime47.com/phim/fairy-tail-ova-4/m2762.html
959,https://anime47.com/phim/asobi-ni-iku-yo/m1333.html
960,https://anime47.com/phim/cardcaptor-sakura-clear-card-hen/m6609.html
961,https://anime47.com/phim/ousama-ranking/m8148.html
962,https://anime47.com/phim/gintama-2-yonimo-kimyona-gintama-chan-live-action/m6934.html
963,https://anime47.com/phim/bat-thuong-o-truong-cao-trung-ma-phap/m8038.html
964,https://anime47.com/phim/nana-to-kaoru-ova/m4664.html
965,https://anime47.com/phim/log-horizon-entaku-houkai/m7764.html
966,https://anime47.com/phim/karakuri-circus/m6964.html
967,https://anime47.com/phim/ma-dao-to-su/m6899.html
968,https://anime47.com/phim/watashi-nouryoku-wa-heikinchi-de-tte-itta-yo-ne/m7404.html
969,https://anime47.com/phim/cardfight-vanguard/m1571.html
970,https://anime47.com/phim/imocho-ova/m4207.html
971,https://anime47.com/phim/suzumiya-haruhi-no-yuuutsu/m1584.html
972,https://anime47.com/phim/date-a-bullet-dead-or-bullet/m7688.html
973,https://anime47.com/phim/barakamon/m4232.html
974,https://anime47.com/phim/air-gear-break-on-sky/m1256.html
975,https://anime47.com/phim/killing-bites/m6578.html
976,https://anime47.com/phim/senryuu-shoujo/m7192.html
977,https://anime47.com/phim/girlfriend-kari-ban-gai-tam-thoi/m4460.html
978,https://anime47.com/phim/magic-kaito/m2022.html
979,https://anime47.com/phim/super-lovers/m5537.html
980,https://anime47.com/phim/isshuukan-friends/m4003.html
981,https://anime47.com/phim/utawarerumono-itsuwari-no-kamen/m5244.html
982,https://anime47.com/phim/kuroko-no-basket-ova-2/m3777.html
983,https://anime47.com/phim/monster/m2539.html
984,https://anime47.com/phim/taboo-tattoo/m5700.html
985,https://anime47.com/phim/cyclops-shoujo-saipuu/m3417.html
986,https://anime47.com/phim/takt-op-destiny/m8175.html
987,https://anime47.com/phim/owari-no-seraph-omake/m5300.html
988,https://anime47.com/phim/medaka-box-ss1/m2138.html
989,https://anime47.com/phim/the-amazing-world-of-gumball-season-4/m5202.html
990,https://anime47.com/phim/kingdom-ss2/m3985.html
991,https://anime47.com/phim/cardcaptor-sakura/m2285.html
992,https://anime47.com/phim/kokoro-connect/m2553.html
993,https://anime47.com/phim/gintama-ova-1/m4079.html
994,https://anime47.com/phim/ishuzoku-reviewers-bd/m7649.html
995,https://anime47.com/phim/natsume-yuujinchou-ss3/m1511.html
996,https://anime47.com/phim/hellsing-ss1/m2429.html
997,https://anime47.com/phim/deadman-wonderland/m1603.html
998,https://anime47.com/phim/shuumatsu-no-harem/m8740.html
999,https://anime47.com/phim/nanatsu-no-taizai-seisen-no-shirushi/m5686.html